from,to
1686,26
1686,29
1686,31
1686,41
1686,95
1686,98
1686,214
1686,273
1686,278
1686,287
1686,299
1686,353
1686,389
1686,393
1686,408
1686,453
1686,463
1686,486
1686,499
1686,504
1686,506
1686,510
1686,517
1686,530
1686,532
1686,538
1686,542
1686,544
1686,560
1686,565
1686,566
1686,590
1686,591
1686,597
1686,633
1686,643
1686,656
1686,690
1686,691
1686,740
1686,742
1686,781
1686,785
1686,814
1686,830
1686,832
1686,841
1686,856
1686,870
1686,877
1686,890
1686,949
1686,968
1686,993
1686,1011
1686,1053
1686,1054
1686,1083
1686,1108
1686,1153
1686,1175
1686,1188
1686,1206
1686,1238
1686,1240
1686,1267
1686,1272
1686,1275
1686,1276
1686,1302
1686,1316
1686,1363
1686,1371
1686,1416
1686,1419
1686,1432
1686,1443
1686,1444
1686,1453
1686,1456
1686,1460
1686,1487
1686,1489
1686,1517
1686,1544
1686,1548
1686,1551
1686,1556
1686,1557
1686,1558
1686,1578
1686,1660
1686,1665
1686,1666
1686,1690
1686,1738
1686,1748
1686,1803
1686,1809
1686,1821
1686,1843
1686,1861
1686,1870
1686,1874
1686,1902
1686,1904
1686,1926
1686,1927
1686,1948
1686,1981
1686,1982
1686,1999
1686,2000
1686,2026
1686,2030
1686,2031
1686,2032
1686,2033
1686,2034
1686,2036
1686,2037
1686,2038
1686,2044
1686,2045
1686,2048
1686,2062
1686,2065
1686,2091
1686,2099
1686,2101
1686,2106
1686,2108
1686,2114
1686,2121
1686,2126
1686,2127
1686,2128
1686,2154
1686,2231
1686,2232
1686,2233
1686,2234
1686,2246
1686,2300
1686,2302
1686,2306
1686,2308
1686,2340
1686,2341
1686,2348
1686,2411
1686,2412
1686,2420
1686,2471
1686,2530
1686,2537
1686,2541
1686,2551
1686,2557
1686,2571
1686,2583
1686,2594
1686,2610
1686,2611
1686,2697
1686,2700
1783,212
1783,305
1783,890
753,88
753,128
753,148
753,149
753,157
753,187
753,246
753,293
753,362
753,368
753,371
753,404
753,479
753,940
753,964
753,977
753,1021
753,1243
753,1252
753,1372
753,1508
753,1516
753,1519
753,1522
753,1530
753,1532
753,1671
753,1741
753,1768
753,1836
753,1993
753,2079
753,2166
753,2170
753,2174
753,2183
753,2282
753,2482
753,2505
753,2558
753,2635
753,2696
893,221
893,1087
893,1171
893,1233
893,1301
893,1507
893,1515
893,1522
893,1530
893,1649
893,1650
893,1671
893,1741
893,1768
893,2170
893,2178
893,2507
964,293
964,1293
964,1768
964,2635
977,1039
977,1678
977,1768
1549,365
1549,1714
1818,714
1818,1336
1818,1894
1836,1466
1871,2078
1928,70
1928,268
1928,1930
1928,2618
1930,70
1930,160
1930,2618
2611,56
2611,120
2611,251
2611,273
2611,283
2611,762
2611,949
2611,1003
2611,1128
2611,1159
2611,1171
2611,1237
2611,1314
2611,1460
2611,1529
2611,1573
2611,1574
2611,1658
2611,1696
2611,1738
2611,2129
2611,2164
2611,2177
2611,2179
2611,2288
2611,2601
2611,2696
2624,97
2624,126
2624,301
2624,731
2624,754
2624,1677
2624,2628
2628,107
2628,126
2628,133
2628,210
2628,236
2628,292
2628,338
2628,379
2628,417
2628,437
2628,481
2628,548
2628,715
2628,754
2628,770
2628,943
2628,972
2628,979
2628,985
2628,1126
2628,1353
2628,1404
2628,1515
2628,1596
2628,1667
2628,1668
2628,1677
2628,1706
2628,1822
2628,1838
2628,1900
2628,1987
2628,2041
2628,2080
2628,2081
2628,2238
2628,2361
2628,2364
2628,2386
2628,2505
2628,2662
2644,171
2644,255
2644,973
2644,1267
2644,1304
2644,1584
2644,1739
2644,1751
2647,1285
2647,1512
2647,1739
2648,973
2648,1285
2648,1512
2648,1739
2648,2647
2650,799
2650,1739
2650,2633
20,27
20,75
20,125
20,567
20,857
26,27
26,173
27,857
30,27
30,173
30,235
915,881
915,1798
915,2604
938,23
938,71
938,148
938,1060
944,71
944,99
944,1813
944,2050
944,2159
962,77
962,196
962,420
962,454
962,455
962,507
962,549
962,714
962,717
962,1113
962,1207
962,1246
962,1298
962,1432
962,1479
962,1527
962,1588
962,1589
962,1845
962,1961
962,1974
962,1989
962,1996
962,2086
962,2236
962,2334
962,2407
962,2409
962,2586
962,2587
962,2646
962,2698
1016,25
1016,72
1016,121
1016,151
1016,195
1016,234
1016,245
1016,291
1016,294
1016,301
1016,303
1016,309
1016,334
1016,339
1016,356
1016,382
1016,406
1016,418
1016,521
1016,555
1016,580
1016,649
1016,654
1016,655
1016,682
1016,684
1016,715
1016,718
1016,732
1016,733
1016,766
1016,796
1016,868
1016,913
1016,1044
1016,1111
1016,1128
1016,1160
1016,1203
1016,1220
1016,1224
1016,1354
1016,1377
1016,1378
1016,1379
1016,1392
1016,1468
1016,1651
1016,1667
1016,1669
1016,1779
1016,1838
1016,1908
1016,1996
1016,2015
1016,2203
1016,2312
1016,2315
1016,2416
1016,2457
1016,2461
1016,2524
1016,2528
1016,2568
1016,2575
1016,2580
1016,2627
1016,2643
1016,2657
1016,2658
1016,2660
1016,2661
1016,2663
1016,2664
1082,76
1082,146
1082,201
1082,252
1082,290
1082,315
1082,349
1082,387
1082,410
1082,848
1082,1039
1082,1281
1082,1780
1082,1906
1082,1963
1082,1966
1153,98
1153,633
1153,691
1153,701
1153,740
1153,814
1153,1094
1153,1157
1153,1769
1153,1843
1153,2044
1153,2307
1153,2411
1153,2420
1153,2571
1157,1769
1161,318
1161,333
1161,711
1161,1923
1161,2465
1186,1698
1196,306
1244,204
1244,221
1260,969
1260,1595
1261,1592
1263,179
1263,255
1263,1260
1263,1595
1264,822
1264,834
1264,835
1264,1260
1266,68
1266,231
1266,463
1266,1267
1267,5
1267,255
1267,370
1267,817
1267,820
1267,1196
1267,1455
1267,2564
1269,5
1269,799
1269,835
1269,1159
1269,1304
1269,1593
1269,1597
1269,1750
1269,2467
1269,2561
1279,73
1279,205
1279,218
1279,219
1279,976
1279,1103
1279,1638
1279,1912
1279,2428
1280,73
1280,442
1280,640
1280,1760
1280,2370
1380,16
1380,177
1380,288
1380,576
1380,1100
1380,1791
1380,2487
1408,0
1408,47
1408,155
1408,175
1408,205
1408,232
1408,307
1408,359
1408,387
1408,412
1408,492
1408,826
1408,1022
1408,1024
1408,1089
1408,1207
1408,1323
1408,1382
1408,1479
1408,1912
1408,1914
1408,1915
1408,1916
1408,2071
1408,2086
1408,2087
1408,2245
1408,2407
1408,2409
1408,2459
1461,19
1461,50
1461,101
1461,331
1461,344
1461,377
1461,395
1461,765
1461,1147
1461,1175
1461,1274
1461,1542
1461,1628
1461,1688
1461,1885
1461,2085
1461,2159
1461,2333
1462,116
1462,163
1462,194
1462,233
1462,344
1462,434
1462,456
1462,765
1462,1274
1462,1320
1462,1485
1462,1873
1462,1973
1463,319
1463,585
1463,589
1463,645
1463,683
1463,724
1463,755
1463,1368
1463,1388
1463,1514
1463,1771
1463,2055
1463,2422
1463,2424
1463,2425
1463,2494
1463,2705
1464,392
1465,135
1465,275
1465,319
1465,441
1465,585
1465,589
1465,645
1465,671
1465,683
1465,684
1465,1291
1465,1368
1465,1391
1465,1463
1465,1771
1465,1837
1465,2052
1465,2053
1465,2054
1465,2055
1465,2070
1465,2211
1465,2214
1465,2424
1465,2425
1465,2494
1465,2516
1465,2705
1469,197
1469,405
1469,1471
1469,1675
1470,195
1470,197
1470,275
1470,296
1470,364
1470,417
1470,447
1470,685
1470,1126
1470,1435
1470,1469
1470,1471
1470,1675
1470,1889
1470,1979
1470,2081
1470,2706
1471,296
1471,1435
1471,1469
1471,1675
1471,2706
1473,415
1473,932
1473,1773
1473,2453
1584,178
1584,1433
1584,1655
1585,1118
1585,1343
1585,1594
1585,1774
1585,1931
1585,2564
1592,67
1592,68
1592,1337
1592,2564
1593,150
1593,970
1593,1260
1593,1263
1593,1595
1595,67
1595,68
1595,69
1595,2431
1604,33
1604,68
1604,69
1604,786
1604,1260
1604,1890
1604,2525
1604,2526
1619,226
1619,975
1619,976
1619,1506
1619,1937
1620,44
1620,167
1620,487
1620,618
1620,975
1620,976
1620,1033
1620,1131
1620,1587
1620,1600
1620,1621
1620,1816
1620,1937
1620,2001
1620,2255
1621,44
1621,975
1621,1600
1621,1620
1621,1816
1621,1937
1621,2001
1621,2255
1626,0
1626,1148
1626,1394
1626,2334
1626,2595
1627,159
1627,232
1627,396
1627,403
1627,775
1627,828
1627,1210
1627,1501
1627,1691
1627,1808
1627,1914
1627,2339
1627,2346
1627,2369
1627,2418
1629,323
1629,475
1629,515
1629,581
1629,651
1629,675
1629,912
1629,1073
1629,1148
1629,1679
1629,1717
1629,1759
1629,1796
1629,1826
1629,2327
1629,2417
1629,2607
1630,94
1630,297
1630,598
1630,661
1630,1147
1630,2686
1631,661
1631,817
1631,820
1631,1147
1631,1148
1634,1
1634,41
1634,95
1634,140
1634,162
1634,199
1634,210
1634,217
1634,272
1634,460
1634,470
1634,480
1634,521
1634,525
1634,592
1634,593
1634,595
1634,649
1634,655
1634,666
1634,757
1634,774
1634,790
1634,868
1634,875
1634,904
1634,995
1634,1111
1634,1136
1634,1229
1634,1378
1634,1425
1634,1426
1634,1476
1634,1499
1634,1615
1634,1657
1634,1693
1634,1701
1634,1708
1634,1758
1634,1775
1634,1844
1634,1852
1634,1900
1634,1908
1634,1972
1634,2188
1634,2248
1634,2328
1634,2426
1634,2454
1634,2555
1634,2557
1634,2568
1634,2627
1634,2636
1634,2637
1634,2657
1634,2661
1634,2685
1635,39
1635,80
1635,153
1635,154
1635,174
1635,289
1635,321
1635,463
1635,519
1635,640
1635,823
1635,1148
1635,1195
1635,1281
1635,1308
1635,1426
1635,1442
1635,1453
1635,1641
1635,1648
1635,1759
1635,1760
1635,1874
1635,1909
1635,2223
1635,2229
1635,2230
1635,2236
1635,2343
1635,2388
1635,2599
1635,2606
1637,153
1637,442
1637,519
1637,1308
1637,1313
1637,1964
1637,2343
1638,94
1638,297
1638,466
1638,1247
1638,1279
1638,1486
1638,1940
1638,2343
1638,2695
1639,297
1639,2334
1640,466
1640,1148
1640,1638
1640,1641
1640,2141
1641,2686
1642,237
1642,598
1642,1638
1642,1717
1642,1762
1642,2686
1643,92
1643,101
1643,243
1643,284
1643,1579
1643,1588
1643,1589
1643,1623
1643,1688
1643,1720
1643,2584
1643,2685
1739,799
1739,1267
1739,1304
1739,1597
1767,1934
1820,129
1820,311
1820,381
1833,45
1833,242
1833,251
1833,1511
1833,1772
1833,1876
1833,1946
1834,93
1834,94
1834,109
1834,210
1834,216
1834,218
1834,233
1834,274
1834,301
1834,669
1834,670
1834,711
1834,730
1834,731
1834,802
1834,902
1834,910
1834,911
1834,972
1834,1033
1834,1090
1834,1151
1834,1161
1834,1574
1834,1646
1834,1648
1834,1698
1834,1732
1834,1755
1834,1773
1834,1824
1834,1833
1834,1876
1834,2391
1834,2416
1834,2419
1834,2501
1834,2659
1835,106
1835,425
1835,728
1835,731
1835,759
1835,892
1835,1161
1835,1396
1835,1647
1835,1708
1835,1755
1835,1876
1835,2185
1835,2191
1835,2504
1835,2681
1859,74
1864,25
1864,75
1864,284
1864,334
1864,398
1864,521
1864,577
1864,580
1864,940
1864,962
1864,964
1864,993
1864,1036
1864,1037
1864,1151
1864,1224
1864,1252
1864,1515
1864,1516
1864,1563
1864,1714
1864,2164
1864,2166
1864,2173
1864,2174
1864,2176
1864,2177
1864,2178
1864,2203
1864,2209
1864,2528
1864,2696
1872,1133
1879,144
1879,496
1879,1013
1879,1014
1879,1800
1879,1836
1879,1853
1879,2407
1879,2600
1885,1207
1885,1825
1885,1922
1885,2071
1896,22
1896,198
1896,267
1896,827
1896,921
1896,927
1896,1112
1896,1133
1896,1440
1896,1857
1896,2392
1896,2523
1896,2695
1896,2703
1906,76
1913,2536
1929,116
1929,194
1929,395
1929,434
1929,976
1929,1147
1931,410
1931,1505
1931,1932
1931,1933
1931,1963
1932,410
1932,424
1932,547
1932,1480
1932,1505
1932,1742
1932,1933
1933,410
1933,1742
1933,1932
1934,410
1934,1932
1934,1933
1937,63
1937,139
1937,975
1937,1031
1937,1619
1937,1620
1937,1695
1937,1816
1937,1841
1937,2001
1937,2539
1957,793
1957,995
1957,997
1957,998
1957,1046
1979,195
1979,296
1979,364
1979,405
1979,417
1979,447
1979,684
1979,1038
1979,1435
1979,1469
1979,1470
1979,1675
1979,2511
1979,2630
1979,2706
1984,135
1984,514
1984,587
1987,548
1987,910
1987,1353
1987,2628
1995,18
1995,360
1995,1433
1995,1655
1995,2525
2081,236
2081,2628
2133,77
2133,1092
2133,1986
2133,2073
2136,77
2136,155
2136,194
2136,231
2136,306
2136,2388
2136,2595
2136,2599
2159,190
2159,928
2159,1496
2159,1542
2159,1743
2160,670
2160,866
2160,867
2160,2354
2160,2367
2164,161
2164,183
2164,577
2164,1035
2164,1252
2164,2165
2164,2166
2164,2177
2164,2178
2165,1573
2166,479
2167,170
2167,246
2167,284
2167,977
2167,1003
2167,1295
2167,1507
2167,2688
2169,157
2169,310
2169,577
2169,1158
2169,1293
2169,2480
2173,65
2173,140
2173,414
2173,732
2173,1025
2173,1499
2173,1634
2173,1781
2174,414
2174,812
2174,1522
2174,2079
2174,2546
2174,2696
2175,202
2175,898
2175,899
2175,1151
2175,1197
2175,1324
2175,1532
2175,1741
2175,2558
2175,2614
2175,2673
2176,414
2177,56
2177,88
2177,141
2177,157
2177,161
2177,170
2177,183
2177,187
2177,202
2177,225
2177,246
2177,248
2177,251
2177,277
2177,279
2177,283
2177,334
2177,358
2177,362
2177,398
2177,436
2177,450
2177,508
2177,546
2177,550
2177,577
2177,940
2177,949
2177,964
2177,986
2177,1003
2177,1035
2177,1039
2177,1097
2177,1128
2177,1164
2177,1252
2177,1265
2177,1293
2177,1295
2177,1335
2177,1393
2177,1402
2177,1507
2177,1508
2177,1515
2177,1519
2177,1530
2177,1532
2177,1562
2177,1573
2177,1574
2177,1694
2177,1701
2177,1741
2177,1781
2177,1836
2177,1993
2177,2079
2177,2129
2177,2164
2177,2166
2177,2167
2177,2173
2177,2176
2177,2178
2177,2179
2177,2183
2177,2184
2177,2204
2177,2205
2177,2209
2177,2356
2177,2480
2177,2505
2177,2635
2178,141
2178,149
2178,214
2178,326
2178,479
2178,580
2178,794
2178,940
2178,1039
2178,1087
2178,1224
2178,1372
2178,1499
2178,1515
2178,1528
2178,1678
2178,1741
2178,1781
2178,2166
2178,2173
2178,2174
2178,2179
2178,2184
2178,2203
2178,2239
2178,2642
2178,2676
2178,2698
2179,404
2179,2184
2181,284
2181,334
2181,450
2181,1364
2181,2688
2181,2696
2183,1003
2183,2167
2183,2184
2184,1522
2184,1678
2184,2167
2189,55
2189,457
2189,574
2189,2572
2215,315
2215,323
2215,1387
2215,2417
2216,208
2216,387
2216,422
2216,1306
2223,174
2223,331
2223,776
2223,783
2223,806
2223,823
2223,833
2223,1281
2223,1308
2223,1635
2223,1845
2223,1874
2223,2388
2226,475
2226,1056
2226,1281
2226,1707
2226,1965
2227,269
2227,1281
2228,147
2228,259
2239,436
2239,549
2239,1531
2243,87
2243,550
2243,1171
2243,1531
2243,1993
2243,2239
2243,2380
2243,2615
2326,78
2339,885
2339,1184
2339,2025
2339,2087
2362,582
2362,821
2362,1683
2362,1800
2362,1808
2362,1917
2362,1953
2362,2566
2362,2690
2369,147
2369,315
2369,409
2369,1387
2369,2223
2369,2410
2369,2417
2370,2334
2371,249
2371,1687
2372,442
2372,1873
2373,4
2373,340
2373,1687
2373,1698
2373,1996
2373,2015
2373,2145
2373,2371
2374,167
2374,2450
2376,352
2376,467
2376,1115
2376,1564
2376,1575
2376,1613
2376,1732
2376,1757
2376,1848
2377,134
2377,425
2377,514
2377,1564
2377,1732
2377,1757
2377,1919
2377,1920
2404,445
2404,941
2404,951
2404,1830
2404,2405
2404,2538
2405,350
2405,445
2405,660
2405,767
2405,865
2405,1155
2405,1457
2405,1830
2405,2337
2406,119
2406,333
2406,613
2406,711
2406,802
2406,1161
2406,1824
2406,1830
2406,1834
2406,2429
2407,839
2407,1853
2409,882
2409,1210
2409,1309
2409,1581
2409,2418
2409,2646
2410,308
2410,375
2410,1724
2410,2067
2410,2069
2414,0
2414,9
2414,155
2414,322
2414,412
2414,1207
2414,1394
2414,1581
2415,345
2418,1724
2428,218
2428,233
2428,1033
2428,1636
2428,1975
2430,419
2434,710
2434,1079
2434,1324
2434,1464
2434,1988
2456,734
2456,2457
2456,2461
2456,2518
2457,2518
2460,2518
2461,2457
2461,2517
2461,2518
2480,141
2480,180
2480,221
2480,277
2480,358
2480,368
2480,1671
2481,831
2481,2674
2499,431
2499,816
2499,1051
2499,1609
2499,2502
2499,2543
2502,280
2502,631
2502,816
2502,1051
2502,1609
2502,1797
2502,2499
2536,743
2536,1614
2545,40
2545,94
2545,434
2545,1103
2545,1247
2545,1485
2545,1759
2559,209
2559,232
2559,254
2559,518
2559,678
2559,705
2559,819
2559,844
2559,1000
2559,1347
2559,1348
2559,1390
2559,1453
2559,1588
2559,1720
2559,1914
2559,1915
2559,1916
2559,1990
2559,2142
2559,2190
2559,2215
2559,2334
2559,2339
2559,2692
2588,400
2588,684
2588,1465
2588,2508
2588,2511
2589,881
2589,1034
2589,1146
2589,2437
2590,677
2590,881
2590,915
2590,1192
2590,1373
2590,2074
2590,2437
2590,2589
2591,331
2591,937
2591,1175
2591,1712
2591,1973
2592,1175
2592,1712
2596,79
2596,1736
2598,39
2598,79
2599,39
2599,79
2600,6
2600,39
2600,79
2600,129
2600,381
2600,1168
2600,1493
2600,1583
2600,1694
2600,1836
2600,1918
2600,1951
2600,1953
2600,2088
2600,2617
2604,1798
2606,80
2606,839
2607,80
2610,31
2610,558
2610,1770
2610,2153
2610,2306
2610,2535
2610,2614
2612,111
2612,461
2612,795
2612,842
2612,1272
2612,1363
2612,1770
2612,2614
2613,411
2613,840
2613,1770
2613,2153
2613,2300
2613,2308
2613,2614
2614,558
2614,791
2614,1206
2614,1770
2614,2153
2620,92
2620,692
2666,21
2667,21
2667,1896
2667,2666
2677,81
2677,1428
2683,588
2683,2224
2684,402
2684,1662
2690,576
2690,808
2690,1022
2690,1024
2690,1197
2691,827
2691,1547
2691,2326
11,174
11,455
11,761
11,1116
11,1180
11,1308
11,1319
11,1442
11,1635
11,1760
11,1763
11,1909
11,1989
11,2223
11,2229
11,2230
11,2236
11,2441
11,2586
12,16
13,11
13,267
13,924
13,925
13,927
13,945
13,1101
13,1133
13,1422
13,1495
13,1896
13,2363
13,2389
13,2392
13,2667
15,16
15,37
15,201
15,243
15,300
15,413
15,1445
15,1891
15,1985
15,2239
16,2595
37,413
37,1592
38,90
38,454
38,1307
38,1350
38,1802
38,2600
42,82
42,189
42,554
42,581
42,1258
42,1606
42,1607
42,1608
42,1717
42,1839
42,2396
56,243
56,290
56,717
56,819
56,1194
56,1313
56,1588
56,1602
56,1808
56,1883
56,2142
56,2182
56,2599
56,2642
57,15
57,56
57,878
57,1208
57,1286
57,1323
57,1427
57,1836
57,2141
57,2600
57,2698
65,83
65,1379
216,1765
313,568
313,650
313,1251
313,1431
674,699
696,493
696,672
696,828
696,1306
696,1332
696,1691
696,1914
696,1986
696,2073
697,507
699,674
699,1318
699,1589
699,1840
699,1855
705,1873
705,2333
705,2539
916,484
917,926
917,1085
918,189
918,260
919,388
919,1872
919,2703
921,46
921,158
921,351
921,377
921,824
921,918
921,928
921,1106
921,1112
921,1339
921,1540
921,1541
921,1542
921,1591
921,1628
921,1825
921,1885
921,1922
921,2333
921,2655
922,1477
923,181
923,189
923,260
923,646
923,662
923,918
923,1746
923,1947
924,376
924,388
924,2389
925,484
925,917
925,926
925,1133
925,1496
925,2670
926,388
926,930
927,267
927,921
927,1896
927,2069
927,2159
927,2363
927,2523
928,918
929,8
929,189
929,260
929,918
930,388
930,1085
932,54
932,415
932,784
932,843
932,1110
932,1326
932,1773
932,1784
932,2659
933,565
933,1135
933,1137
933,1139
933,1774
933,2050
934,1135
934,2454
935,14
935,99
935,181
935,646
935,917
935,923
935,925
935,927
935,1093
935,1113
935,1135
935,1299
935,1300
935,1496
935,1896
935,2159
935,2326
935,2363
935,2389
937,647
937,1135
937,1404
943,40
943,1636
943,1668
949,51
949,118
949,124
949,191
949,560
949,961
949,1011
949,1363
949,1517
949,1804
949,1997
949,1999
949,2024
949,2035
949,2040
949,2200
949,2241
949,2566
949,2614
951,445
951,767
951,865
951,952
951,2337
951,2404
951,2405
951,2538
952,445
952,909
952,1457
952,1834
952,2337
952,2404
952,2405
978,2622
985,364
985,1126
986,1164
986,2505
987,180
987,414
987,2505
988,123
988,989
989,123
989,984
990,123
990,984
990,989
990,1158
990,1327
990,1703
990,1799
991,766
991,984
992,1171
1017,1018
1017,1019
1017,2567
1018,327
1018,907
1018,2567
1018,2701
1019,408
1020,327
1020,408
1020,907
1020,1019
1020,1275
1020,1568
1020,2701
1025,183
1025,408
1025,962
1025,1035
1027,237
1027,1735
1027,1736
1036,107
1036,1037
1036,1596
1036,1822
1036,2572
1037,398
1040,1039
1041,482
1041,1295
1043,1685
1047,393
1047,778
1047,781
1047,830
1047,877
1047,1054
1047,1666
1047,1843
1047,2301
1047,2693
1047,2699
1048,84
1049,84
1049,2261
1063,85
1063,96
1063,1064
1063,1066
1063,1670
1063,2462
1064,85
1064,96
1064,386
1064,1066
1064,1670
1064,2462
1065,85
1065,96
1065,386
1065,1064
1065,1066
1065,1670
1065,2462
1066,85
1074,86
1074,315
1074,396
1074,1398
1075,86
1075,145
1075,777
1075,2010
1075,2090
1075,2150
1078,86
1078,1079
1079,86
1079,2090
1081,249
1081,1458
1088,1436
1088,2436
1101,11
1101,13
1101,99
1101,190
1101,308
1101,821
1101,924
1101,935
1101,1177
1101,1315
1101,1331
1101,1339
1101,1700
1101,1805
1101,2069
1101,2523
1101,2619
1101,2666
1101,2667
1102,1700
1108,948
1118,227
1118,373
1118,786
1118,848
1118,1119
1118,1178
1118,1343
1119,329
1119,373
1122,1114
1122,1229
1122,1587
1122,2450
1123,487
1123,1114
1123,1621
1123,1970
1123,2324
1123,2447
1125,134
1125,603
1125,1114
1125,1226
1125,1227
1125,1229
1125,1587
1125,1620
1125,1621
1125,1970
1125,2255
1134,1091
1134,1137
1134,1139
1134,1774
1134,1827
1134,1949
1135,902
1136,136
1137,563
1138,114
1138,316
1138,481
1138,1139
1138,1488
1139,1138
1140,443
1140,563
1140,937
1140,1139
1141,43
1141,114
1141,136
1141,224
1141,399
1141,443
1141,934
1141,1544
1149,604
1149,614
1149,620
1149,625
1149,953
1149,2260
1149,2261
1149,2264
1149,2272
1149,2273
1149,2293
1149,2294
1152,772
1152,807
1152,2261
1163,177
1163,368
1163,478
1163,1164
1163,1202
1163,1649
1163,2672
1164,788
1164,827
1164,1202
1164,1649
1164,2672
1165,318
1165,1506
1166,1844
1171,87
1171,120
1171,436
1171,549
1171,1158
1171,1529
1171,1650
1171,2380
1171,2615
1172,87
1173,87
1180,396
1180,777
1180,1635
1180,1636
1180,1763
1180,2010
1183,176
1183,2230
1185,1412
1200,146
1201,1419
1204,2597
1205,169
1205,1819
1205,2597
1207,0
1207,1885
1207,2071
1208,815
1208,1207
1208,1885
1211,1555
1211,1977
1211,1978
1212,1147
1212,2608
1213,2463
1214,35
1214,270
1214,892
1214,1167
1214,1213
1214,1650
1214,1678
1214,1848
1214,1946
1214,2347
1214,2463
1214,2540
1214,2655
1215,198
1215,1216
1215,2595
1217,156
1217,270
1217,1310
1218,1310
1218,1945
1219,109
1219,1310
1221,436
1221,1222
1221,2380
1221,2546
1223,794
1223,803
1223,1222
1237,2105
1237,2109
1237,2110
1237,2601
1245,190
1245,836
1245,974
1245,1208
1245,1590
1245,2395
1270,151
1270,294
1270,305
1270,481
1270,522
1270,638
1270,710
1270,715
1270,939
1270,1203
1270,1377
1270,1401
1270,1651
1270,1822
1270,1908
1270,2173
1270,2188
1270,2210
1270,2214
1270,2314
1270,2316
1270,2352
1270,2386
1270,2457
1270,2461
1270,2516
1270,2568
1270,2578
1270,2656
1270,2657
1270,2663
1271,984
1271,1396
1271,1647
1271,1787
1271,2681
1283,1749
1283,2253
1283,2634
1284,1283
1284,2633
1284,2634
1284,2668
1285,2634
1285,2650
1286,207
1286,312
1286,335
1286,343
1286,384
1286,500
1286,583
1286,584
1286,745
1286,771
1286,845
1286,846
1286,847
1286,1067
1286,1585
1286,1594
1286,1774
1286,1931
1286,2018
1286,2019
1286,2020
1286,2634
1293,88
1293,365
1294,88
1294,93
1294,174
1295,88
1295,170
1295,187
1295,246
1295,1393
1295,2432
1295,2480
1296,168
1296,254
1296,378
1296,1297
1296,1298
1296,1387
1296,1753
1296,2215
1297,1298
1299,196
1299,367
1299,429
1299,917
1299,926
1299,930
1299,945
1299,1300
1299,1440
1299,1813
1299,2670
1300,196
1300,429
1300,916
1300,917
1300,926
1300,930
1300,1299
1300,1813
1300,2670
1305,496
1305,1724
1309,497
1309,882
1311,324
1311,337
1311,1312
1311,1559
1311,1565
1312,201
1312,290
1312,324
1312,1559
1312,1565
1312,1963
1314,330
1344,89
1344,186
1344,273
1344,512
1344,1070
1344,1238
1344,1345
1344,1407
1344,1869
1344,2101
1344,2132
1345,89
1345,186
1345,512
1345,2132
1346,171
1346,513
1346,1304
1346,1597
1346,1750
1346,1751
1346,1752
1346,1767
1347,232
1347,1067
1347,1914
1347,1915
1347,1916
1347,2339
1348,38
1348,52
1348,53
1348,90
1348,420
1348,428
1348,456
1348,943
1348,1025
1348,1186
1348,1349
1348,1350
1348,1629
1348,1711
1348,1753
1348,2244
1348,2369
1348,2370
1348,2649
1349,38
1349,90
1349,1350
1350,38
1350,90
1354,239
1354,1779
1355,1358
1356,1358
1357,243
1357,290
1357,1358
1359,1358
1360,184
1360,409
1360,1528
1365,1366
1365,2486
1366,328
1366,1006
1366,1009
1366,2485
1366,2605
1369,130
1369,256
1369,1787
1369,1805
1369,2041
1372,146
1372,1151
1372,1200
1378,1203
1378,1379
1379,217
1379,1027
1379,1095
1379,1333
1379,1378
1379,2315
1379,2642
1382,1479
1390,10
1390,14
1390,377
1390,672
1390,705
1390,813
1390,819
1390,1228
1390,1348
1390,1484
1390,1485
1390,1800
1390,2333
1390,2463
1390,2570
1393,157
1393,187
1393,2482
1400,250
1400,1088
1400,2639
1409,91
1409,160
1409,810
1411,221
1420,109
1420,126
1420,130
1420,154
1420,164
1420,451
1420,599
1420,618
1420,770
1420,860
1420,946
1420,979
1420,984
1420,1071
1420,1072
1420,1271
1420,1273
1420,1289
1420,1369
1420,1396
1420,1498
1420,1787
1420,2235
1420,2248
1420,2323
1420,2355
1420,2539
1420,2637
1420,2682
1421,104
1421,271
1421,979
1421,1676
1421,1788
1421,2370
1425,774
1425,790
1425,875
1425,1426
1425,1476
1425,2685
1426,1538
1426,1745
1436,210
1436,379
1436,731
1436,850
1436,1080
1436,1289
1436,2364
1436,2628
1437,113
1437,145
1437,439
1437,485
1437,1279
1437,2247
1438,1507
1438,1858
1439,2071
1440,196
1440,228
1440,423
1440,1743
1468,309
1476,1194
1476,1426
1476,1693
1476,2685
1477,1085
1477,1414
1478,158
1478,367
1478,1085
1479,1381
1481,159
1481,331
1482,116
1482,2085
1483,231
1484,1720
1484,2545
1489,245
1489,539
1489,766
1489,1220
1490,766
1491,163
1491,520
1491,1492
1491,2089
1491,2343
1492,154
1492,2516
1493,257
1493,1025
1493,1168
1493,1583
1493,1684
1494,163
1494,714
1494,1492
1495,376
1495,945
1495,1422
1496,367
1496,925
1497,45
1497,102
1497,479
1497,1500
1497,1511
1497,2393
1497,2394
1497,2395
1497,2507
1498,45
1498,883
1498,1208
1498,1369
1498,1500
1498,1511
1498,2393
1498,2394
1498,2395
1499,1294
1499,1511
1499,1993
1500,1511
1504,40
1504,93
1504,439
1504,454
1504,675
1504,1186
1504,1390
1505,1932
1505,1933
1507,310
1507,508
1507,1645
1508,1293
1508,2169
1509,201
1509,453
1510,334
1510,546
1510,2205
1511,45
1511,365
1511,2393
1511,2395
1512,782
1512,2650
1513,799
1515,180
1516,161
1516,183
1516,968
1516,1035
1516,1586
1516,1748
1516,2021
1516,2024
1517,118
1517,191
1517,1516
1517,1586
1517,2024
1517,2241
1518,58
1519,225
1519,279
1519,550
1519,986
1519,1402
1519,1508
1519,1671
1519,2176
1519,2183
1519,2204
1519,2205
1519,2673
1520,1701
1521,148
1521,470
1521,903
1522,180
1523,1694
1526,515
1526,1499
1526,2182
1526,2183
1528,184
1528,409
1528,1259
1530,2635
1532,1151
1532,1372
1533,812
1533,964
1533,1301
1533,2558
1533,2674
1534,986
1534,2176
1535,801
1535,1097
1535,1671
1535,2528
1536,752
1536,831
1536,982
1536,1716
1536,2481
1536,2676
1537,940
1537,1301
1540,1632
1541,46
1541,1542
1543,921
1543,1106
1543,1107
1551,1982
1551,2061
1551,2131
1554,35
1554,134
1554,1124
1554,1229
1554,1555
1554,1708
1554,2347
1554,2608
1554,2655
1555,465
1555,473
1569,266
1569,438
1569,980
1569,1068
1569,1091
1569,1570
1569,1634
1569,1786
1570,982
1571,982
1571,1575
1571,1706
1571,2377
1572,1105
1582,406
1582,1634
1582,2214
1582,2508
1588,774
1588,790
1588,875
1588,1069
1588,1589
1590,974
1598,163
1601,442
1601,1897
1603,138
1603,1175
1606,554
1606,1607
1606,2396
1607,2396
1608,42
1608,48
1608,189
1608,451
1608,459
1608,554
1608,561
1608,721
1608,768
1608,773
1608,800
1608,1258
1608,1546
1608,1606
1608,1607
1608,1622
1608,1839
1608,2396
1608,2397
1610,324
1610,761
1610,1079
1610,1297
1610,1559
1610,1565
1610,1764
1611,598
1611,905
1611,1760
1611,1764
1612,588
1612,767
1612,1353
1612,1792
1612,1793
1612,2217
1612,2218
1612,2219
1612,2224
1612,2225
1612,2683
1615,2359
1615,2360
1618,1705
1618,2631
1622,459
1622,559
1622,1258
1622,1623
1623,1258
1624,291
1624,420
1624,854
1624,1282
1624,1615
1624,1680
1624,1690
1624,1863
1624,2370
1624,2399
1632,2185
1632,2655
1633,1088
1633,1169
1633,1765
1633,2237
1633,2238
1633,2573
1646,1161
1646,2419
1647,2682
1649,368
1653,134
1653,425
1653,681
1653,1115
1653,1564
1653,1575
1653,1613
1653,1848
1654,18
1654,1655
1656,230
1656,974
1656,1825
1657,942
1657,1319
1657,1681
1662,402
1662,443
1662,2531
1662,2532
1662,2534
1663,380
1663,1662
1663,2531
1663,2532
1663,2534
1664,95
1664,832
1664,870
1664,1665
1664,2114
1664,2555
1665,95
1665,238
1666,95
1666,701
1666,740
1666,2099
1666,2114
1670,96
1670,386
1672,166
1672,247
1672,304
1672,320
1672,346
1672,440
1672,808
1672,1248
1672,1673
1672,1674
1672,1721
1672,2603
1672,2625
1673,440
1673,2603
1673,2625
1674,440
1674,1673
1674,2625
1676,97
1676,1788
1677,97
1681,19
1681,912
1681,1318
1684,1359
1684,1596
1685,99
1685,158
1685,1043
1690,278
1690,795
1690,842
1690,1070
1690,1316
1690,1344
1690,1401
1690,1456
1690,1863
1690,1904
1690,1924
1690,2381
1692,1154
1692,1693
1692,2138
1693,371
1696,100
1696,336
1696,2253
1696,2668
1697,59
1697,62
1697,204
1697,467
1697,1244
1697,1954
1697,2463
1698,4
1698,41
1698,245
1698,340
1698,533
1698,1220
1698,1782
1698,2144
1698,2145
1698,2199
1699,30
1699,278
1699,1810
1699,1902
1701,1002
1701,1314
1701,1520
1706,768
1706,773
1706,800
1706,1571
1708,122
1708,759
1708,768
1708,773
1708,800
1708,1256
1708,1756
1708,1757
1708,1758
1708,1775
1708,1919
1708,1920
1708,2350
1710,788
1710,1164
1710,2522
1711,40
1711,101
1711,454
1711,943
1711,1348
1711,1484
1711,1636
1711,1689
1711,1698
1711,1881
1711,2050
1711,2244
1712,101
1712,138
1712,331
1712,1486
1712,1973
1713,678
1713,776
1713,783
1713,806
1713,833
1713,1273
1713,1294
1714,1294
1717,515
1717,912
1717,1230
1719,204
1719,977
1719,1236
1719,1733
1719,2083
1719,2084
1725,576
1725,1333
1725,1408
1725,2133
1725,2245
1726,382
1726,1447
1731,122
1732,1575
1733,204
1733,467
1733,788
1733,1564
1733,2522
1738,58
1738,540
1738,562
1738,855
1738,895
1738,2092
1738,2093
1738,2097
1738,2129
1738,2149
1738,2156
1741,102
1744,619
1744,621
1744,1032
1744,1096
1744,2256
1744,2293
1746,149
1746,721
1746,1922
1746,1947
1746,2333
1746,2546
1747,103
1749,171
1749,335
1749,771
1750,1597
1751,171
1751,240
1752,513
1752,1751
1760,174
1760,2608
1761,145
1761,526
1761,527
1761,528
1761,884
1761,885
1761,886
1761,1262
1761,1501
1761,1635
1761,1878
1761,1909
1761,1974
1761,2089
1761,2090
1761,2513
1762,1679
1762,1717
1762,1763
1762,1965
1763,153
1763,651
1763,1635
1763,2223
1764,598
1764,905
1764,1760
1765,1766
1765,2350
1765,2352
1766,2350
1766,2351
1768,977
1769,1157
1778,452
1778,871
1778,873
1778,874
1778,1087
1778,1131
1778,1226
1778,1405
1778,1565
1778,1620
1778,1942
1778,1967
1778,1970
1778,1994
1778,2324
1778,2445
1778,2447
1778,2450
1787,104
1787,271
1788,104
1789,897
1790,897
1790,1025
1791,105
1791,666
1791,776
1791,783
1791,806
1791,833
1791,1549
1791,1909
1791,2355
1793,1792
1793,2225
1793,2609
1794,428
1794,454
1794,651
1794,1056
1794,1073
1794,1826
1794,2327
1801,106
1802,202
1802,282
1802,967
1805,2651
1809,26
1809,235
1809,1062
1809,1199
1809,1238
1809,1240
1809,1272
1809,1846
1809,2026
1809,2121
1809,2156
1812,339
1812,366
1812,769
1812,1669
1813,1339
1814,1477
1815,1414
1815,1477
1815,1814
1815,2069
1815,2703
1822,107
1823,107
1823,342
1831,610
1832,723
1832,1095
1832,1136
1837,1889
1837,2706
1839,554
1839,1607
1839,2396
1840,159
1840,1303
1840,1898
1842,108
1843,506
1846,538
1846,968
1846,1352
1846,1748
1846,1809
1846,2026
1847,1316
1847,1430
1847,2148
1854,617
1854,1485
1856,594
1856,1246
1856,1688
1856,1857
1856,2695
1857,131
1857,156
1857,663
1857,1246
1857,1247
1857,1486
1857,1856
1857,2695
1858,141
1858,911
1860,110
1860,166
1860,320
1860,346
1860,1674
1860,2603
1862,111
1862,461
1863,26
1863,30
1863,648
1863,1062
1863,1240
1863,1401
1863,1924
1863,2381
1863,2694
1870,787
1870,2411
1875,815
1875,2071
1876,1484
1877,131
1880,52
1880,53
1880,138
1880,378
1880,403
1880,775
1880,1029
1880,1583
1880,1726
1880,1753
1880,1884
1880,1950
1881,2050
1882,829
1882,2050
1884,52
1884,378
1884,1186
1884,1753
1888,254
1888,818
1888,1387
1888,1858
1888,2215
1891,1742
1892,464
1892,1893
1892,1894
1895,458
1900,997
1900,1353
1901,997
1901,1900
1903,111
1903,461
1904,111
1904,2129
1905,111
1907,411
1907,709
1907,1776
1907,1817
1908,264
1908,1334
1908,2214
1908,2461
1909,1641
1909,2343
1910,1911
1911,1910
1912,1638
1912,1873
1914,155
1914,1915
1914,1916
1915,496
1916,1915
1919,992
1919,1708
1919,1756
1919,1920
1919,2383
1920,992
1920,1756
1920,1775
1921,936
1921,1081
1921,1553
1923,2185
1935,112
1936,485
1936,1439
1941,2478
1942,1405
1943,706
1943,873
1943,1405
1943,1778
1943,1942
1944,1405
1944,1942
1947,181
1947,923
1947,935
1947,1923
1951,381
1951,1359
1951,1493
1951,1684
1952,311
1952,1359
1952,1951
1952,1953
1953,129
1953,1168
1953,1918
1955,1078
1958,115
1958,1960
1959,115
1959,262
1959,1958
1960,115
1972,1576
1972,1765
1972,1849
1973,116
1974,321
1975,640
1975,839
1980,349
1980,2010
1981,58
1981,509
1981,511
1981,739
1981,894
1981,895
1981,1172
1981,1518
1981,2057
1981,2058
1981,2059
1981,2062
1981,2096
1981,2126
1982,537
1982,850
1982,1052
1982,1407
1982,1867
1982,1868
1982,2062
1982,2115
1982,2117
1982,2137
1982,2341
1983,353
1983,538
1983,2062
1983,2065
1983,2116
1983,2123
1983,2137
1983,2193
1985,1995
1988,117
1990,518
1991,312
1991,1307
1991,1963
1992,1307
1993,2615
1997,118
1997,191
1997,961
1997,1998
1997,1999
1997,2241
1997,2566
1998,118
1998,191
1998,560
1998,961
1998,1011
1998,1999
1998,2200
1998,2230
1998,2241
1998,2411
1999,118
1999,124
1999,961
1999,2241
2010,349
2010,383
2010,777
2010,1397
2010,1707
2023,1516
2023,1586
2023,2024
2024,532
2024,1223
2024,1516
2024,1586
2024,1804
2027,558
2027,676
2027,791
2027,855
2027,1529
2027,2092
2027,2093
2027,2097
2027,2129
2027,2149
2027,2306
2050,2440
2051,880
2051,1383
2067,375
2067,2069
2068,2410
2069,308
2069,375
2069,2067
2074,978
2074,1034
2074,2622
2076,298
2076,2602
2077,2602
2078,1069
2078,2602
2079,1197
2080,286
2080,1415
2082,504
2082,505
2082,1153
2082,1664
2082,2046
2082,2411
2085,434
2135,19
2135,945
2135,1331
2135,1422
2135,2159
2137,2687
2138,1692
2139,774
2139,790
2139,875
2139,1194
2139,1425
2139,1476
2139,1588
2139,2685
2143,1782
2143,2144
2144,1782
2145,1782
2150,2229
2156,173
2156,562
2156,840
2156,1529
2156,2694
2157,2694
2161,125
2163,165
2163,1323
2163,2652
2185,1632
2185,1923
2185,2655
2186,644
2186,1268
2186,1424
2186,2102
2186,2322
2188,2187
2190,182
2191,188
2191,1801
2192,1567
2193,1407
2197,1048
2197,1605
2200,961
2230,1940
2230,2565
2230,2687
2235,126
2240,127
2240,422
2240,464
2242,237
2242,2674
2244,1073
2244,1736
2244,2414
2244,2415
2245,359
2245,1022
2245,1024
2245,1027
2245,2415
2253,771
2253,1749
2253,2467
2253,2633
2253,2668
2262,376
2262,1422
2282,128
2288,1100
2288,1725
2288,2242
2318,472
2318,1006
2318,1956
2318,2485
2319,229
2319,361
2319,1006
2319,1009
2319,1057
2319,1366
2319,2318
2319,2448
2319,2485
2319,2605
2323,130
2323,860
2323,1369
2333,131
2333,377
2333,1591
2333,1922
2334,131
2334,263
2340,566
2340,1052
2340,1982
2340,2115
2340,2341
2341,449
2341,2687
2342,1052
2342,2115
2342,2117
2342,2341
2343,2606
2344,1715
2344,2606
2345,722
2345,744
2345,2028
2345,2413
2345,2421
2346,132
2346,1950
2347,78
2347,132
2347,811
2348,1939
2348,2556
2349,2556
2350,1766
2351,1766
2352,354
2352,784
2352,843
2352,1755
2352,1766
2359,1615
2359,2360
2360,1615
2361,133
2363,230
2363,721
2363,923
2363,1133
2363,1162
2363,1746
2363,1947
2366,490
2366,491
2366,2014
2368,312
2368,1992
2375,1894
2378,135
2378,514
2378,587
2378,2070
2408,1370
2408,1799
2408,2588
2411,1302
2411,2412
2412,1302
2416,670
2427,138
2427,163
2432,179
2432,2431
2433,179
2433,202
2433,967
2433,2431
2433,2432
2435,1499
2435,1714
2439,565
2439,2098
2439,2110
2443,140
2451,772
2451,807
2452,1396
2452,2681
2453,713
2454,372
2455,141
2458,2621
2459,497
2459,2409
2459,2646
2459,2671
2462,1064
2462,1066
2463,204
2463,892
2463,1213
2463,1697
2464,706
2464,708
2464,1235
2464,1956
2464,1967
2464,1994
2464,2324
2464,2446
2464,2448
2464,2449
2466,142
2466,1528
2467,142
2467,150
2467,822
2467,834
2467,835
2473,262
2473,1959
2478,1941
2483,166
2483,346
2483,1672
2483,1674
2483,1721
2483,2603
2485,1006
2485,1366
2486,1006
2486,1365
2487,16
2487,288
2487,1380
2488,407
2488,599
2488,600
2489,143
2490,143
2491,143
2491,2489
2491,2490
2492,172
2492,513
2492,1751
2492,1752
2492,1767
2493,144
2493,155
2493,1347
2493,1808
2498,28
2498,430
2498,1051
2507,225
2507,2393
2509,1327
2510,1327
2511,275
2511,400
2511,1038
2511,2630
2512,145
2512,524
2512,528
2512,839
2512,2087
2512,2090
2513,145
2513,528
2513,2090
2514,162
2514,325
2520,744
2520,2521
2522,49
2522,570
2522,788
2522,827
2522,1115
2522,1564
2522,1733
2522,2083
2522,2084
2523,2666
2524,569
2524,654
2524,1194
2524,1437
2524,1559
2524,1565
2524,1818
2524,2162
2524,2628
2525,1604
2525,1890
2526,1604
2526,1890
2529,402
2530,2039
2530,2471
2530,2684
2532,1662
2532,2530
2532,2534
2532,2684
2533,402
2533,1662
2533,2534
2534,402
2534,1662
2534,2530
2534,2531
2534,2684
2538,2336
2538,2338
2539,432
2539,639
2539,705
2539,829
2539,1618
2539,1702
2539,2540
2539,2631
2540,639
2542,1609
2542,2499
2542,2543
2543,431
2543,1609
2544,1017
2544,1018
2544,1019
2546,149
2546,2615
2550,2551
2556,2555
2557,2555
2561,150
2561,1593
2562,5
2562,150
2562,1593
2563,393
2563,468
2563,499
2563,502
2563,551
2563,565
2563,778
2563,781
2563,830
2563,856
2563,877
2563,1444
2563,1487
2563,1578
2563,1686
2563,1948
2563,2031
2563,2043
2563,2154
2563,2439
2563,2550
2563,2571
2563,2700
2564,1337
2564,1355
2564,1356
2565,2671
2566,949
2566,1997
2566,1998
2566,1999
2566,2200
2567,1568
2568,151
2569,151
2569,354
2569,586
2569,2351
2570,152
2570,159
2571,152
2571,689
2571,1206
2571,1453
2571,1803
2571,1938
2571,2700
2575,1372
2575,1574
2575,2037
2582,1574
2582,2206
2583,299
2583,486
2583,544
2583,781
2583,830
2583,856
2583,877
2583,1094
2583,2000
2583,2034
2583,2043
2583,2047
2583,2099
2583,2246
2583,2340
2583,2381
2585,403
2585,775
2586,403
2586,775
2587,2326
2587,2493
2587,2559
2587,2600
2587,2698
2593,158
2594,695
2594,794
2594,803
2594,1223
2597,295
2597,1204
2601,2109
2602,517
2602,1556
2602,1557
2602,1558
2602,2541
2603,1674
2605,229
2605,838
2605,1057
2605,1366
2616,6
2616,32
2617,2088
2618,160
2618,810
2618,1026
2618,1930
2618,2319
2619,263
2619,332
2619,663
2619,779
2619,1389
2619,1530
2619,1856
2619,1857
2619,2348
2619,2370
2619,2635
2619,2695
2623,49
2623,570
2625,440
2625,1673
2627,290
2627,1036
2627,1667
2629,1972
2631,1618
2631,1705
2633,1283
2634,240
2634,335
2634,336
2634,1283
2635,279
2637,164
2638,598
2638,1168
2638,1764
2640,1414
2640,2703
2641,482
2643,804
2643,909
2643,1061
2643,1524
2643,1525
2645,1177
2646,2418
2649,253
2649,443
2652,165
2653,1052
2653,2101
2653,2114
2653,2115
2653,2117
2653,2193
2654,75
2654,542
2654,850
2654,891
2654,2123
2654,2193
2668,240
2668,336
2669,240
2670,1813
2674,2676
2675,2673
2678,831
2678,2481
2678,2676
2679,2673
2680,184
2680,1528
2680,2704
2681,1647
2682,1647
2688,2119
2689,2123
2689,2688
2692,1318
2692,1642
2692,1762
2693,3
2693,778
2693,856
2693,1666
2693,2699
2697,1666
2697,2099
2699,778
2699,2038
2700,2571
2705,2052
2705,2053
2705,2055
2707,2054
1,1254
1,1852
1,2399
2,172
3,411
3,709
4,2144
5,6
5,2134
7,8
8,260
8,752
8,1529
9,175
10,175
14,10
14,813
14,1089
14,2414
17,1939
21,2666
22,2666
23,1060
24,23
24,1060
28,863
28,2498
29,303
29,382
29,539
29,1489
29,1490
31,285
31,499
31,510
31,566
31,841
31,1413
31,1868
31,1982
31,2039
32,33
32,178
33,178
34,178
34,2331
35,957
36,957
36,960
43,1254
43,1488
43,1552
44,1254
44,1255
45,251
49,64
49,570
50,395
52,53
52,1753
54,185
54,415
58,186
58,511
58,841
58,851
58,1518
58,2057
58,2058
58,2059
58,2064
59,60
59,64
59,1124
59,1599
60,59
60,64
61,59
61,60
61,467
61,693
61,2347
62,59
62,1124
62,1599
62,2385
63,1031
66,778
66,1548
67,68
67,69
68,67
68,69
341,2616
357,390
376,1422
421,312
454,428
454,651
454,1056
454,1073
454,2327
498,409
761,2608
762,2242
763,462
764,192
883,974
884,886
884,1501
885,886
885,1262
885,2025
885,2513
887,193
888,233
888,1437
888,1641
889,509
889,511
889,891
889,1413
889,2057
889,2059
890,891
890,1413
891,1413
892,1678
894,1518
895,894
896,317
896,1749
896,2633
896,2668
898,899
898,1364
899,1364
900,902
901,902
904,199
904,433
906,220
906,327
906,2701
907,1275
907,2701
908,292
909,1061
909,1525
913,758
914,223
914,758
920,780
936,1050
936,1081
936,1921
939,638
939,647
939,876
939,1377
939,1822
939,1852
939,2314
939,2316
940,2167
940,2183
940,2184
941,1155
941,2404
942,1950
945,196
945,1440
946,197
947,394
947,453
947,477
947,478
947,1234
953,619
953,1152
954,200
955,200
955,954
956,36
957,36
957,2352
958,36
958,960
958,2292
959,36
959,956
960,36
960,958
960,2272
960,2292
960,2294
961,201
961,1804
961,2035
963,302
963,1406
966,965
967,202
968,1748
969,203
969,426
969,970
970,203
970,426
971,2626
979,1788
980,1091
980,1324
981,1324
982,1799
983,1799
984,1799
993,1861
993,1904
993,2108
994,2421
995,224
995,998
995,1046
996,43
996,399
997,43
997,399
997,998
998,793
999,793
999,998
1000,518
1000,844
1000,1990
1001,206
1002,1899
1003,277
1003,283
1003,358
1004,299
1004,1142
1004,1851
1005,259
1005,1851
1005,1927
1005,2550
1006,1009
1007,328
1007,1009
1008,1365
1009,361
1009,1057
1010,1365
1011,124
1011,1804
1011,2035
1012,685
1012,720
1012,913
1012,1391
1012,2588
1013,2407
1014,1013
1014,1853
1014,2407
1015,208
1021,1372
1022,1683
1023,1022
1023,1683
1024,1022
1026,1366
1026,2319
1028,209
1028,369
1028,817
1028,820
1029,209
1029,1726
1029,2585
1030,16
1030,288
1030,966
1030,1380
1030,2487
1031,318
1031,1165
1032,226
1032,621
1032,622
1032,861
1032,2255
1032,2631
1034,978
1042,210
1044,211
1044,239
1045,2595
1050,224
1050,630
1050,996
1050,2632
1051,430
1052,278
1052,1925
1053,393
1053,1690
1053,1783
1053,2037
1053,2152
1053,2439
1053,2530
1054,393
1055,1788
1056,1826
1057,229
1057,361
1057,1009
1058,576
1058,1100
1058,1332
1058,1584
1058,2571
1059,270
1060,23
1061,1525
1062,641
1067,2230
1068,1340
1068,1634
1069,298
1070,273
1070,534
1070,540
1070,729
1070,1344
1070,2130
1071,971
1071,2248
1072,271
1072,666
1072,1787
1073,1056
1073,1826
1073,2327
1076,1566
1076,2317
1077,831
1077,2481
1077,2676
1080,213
1080,667
1080,2237
1083,214
1083,540
1084,215
1084,597
1086,446
1087,2083
1089,322
1090,416
1092,71
1093,752
1093,1092
1093,2702
1094,2075
1094,2099
1095,217
1095,1379
1096,612
1096,1841
1096,2002
1096,2003
1096,2005
1096,2006
1096,2007
1096,2009
1096,2286
1097,279
1098,261
1098,698
1098,1099
1099,261
1099,698
1099,1098
1103,434
1103,593
1103,595
1103,596
1103,688
1103,976
1104,1777
1104,2596
1106,1107
1107,1106
1107,1112
1109,221
1110,784
1110,843
1110,1755
1110,1772
1111,363
1112,1339
1113,2326
1115,1848
1116,11
1117,495
1120,792
1120,1121
1120,1403
1121,792
1121,1403
1124,1599
1124,2383
1127,523
1127,2512
1128,853
1129,222
1129,1130
1129,2474
1130,222
1130,716
1130,1129
1130,2477
1131,905
1131,1764
1131,1946
1131,1977
1131,1978
1132,223
1142,1851
1143,395
1144,227
1144,373
1145,228
1145,423
1145,1440
1148,442
1150,2594
1155,660
1155,865
1156,660
1156,865
1159,2332
1162,230
1162,722
1162,747
1162,2554
1167,892
1169,1579
1169,2238
1170,1169
1170,2238
1174,411
1174,690
1174,2381
1175,1973
1176,43
1176,399
1176,2402
1176,2497
1178,498
1178,848
1178,1343
1179,1933
1181,235
1182,235
1182,2075
1184,0
1184,885
1184,1262
1184,2025
1184,2513
1187,238
1187,2412
1188,238
1189,239
1189,480
1189,1044
1190,430
1190,798
1190,1051
1190,1819
1191,1051
1192,650
1193,241
1194,1195
1195,401
1195,1745
1198,1272
1199,642
1199,1272
1199,2321
1202,2672
1203,1160
1203,1651
1209,244
1210,359
1210,496
1210,1724
1220,245
1224,2203
1225,809
1225,1236
1225,1600
1225,1719
1225,2623
1226,873
1226,1227
1226,1967
1226,2448
1227,708
1228,452
1230,570
1230,693
1231,2383
1232,1994
1232,2446
1232,2448
1233,1087
1234,557
1235,707
1235,2449
1236,557
1236,570
1236,2383
1236,2385
1239,306
1239,1238
1239,1275
1240,1062
1240,1199
1242,1241
1242,2436
1247,1486
1248,247
1248,304
1249,568
1249,650
1249,1251
1249,2158
1250,568
1250,650
1250,1249
1250,1251
1250,2158
1251,568
1252,248
1252,2165
1253,249
1254,249
1254,1255
1255,249
1256,481
1256,1758
1257,525
1257,559
1257,879
1257,950
1257,1328
1257,1622
1257,2017
1258,459
1258,559
1258,1328
1258,1623
1259,1418
1262,2025
1265,251
1268,533
1268,1237
1268,1730
1268,2105
1268,2381
1272,461
1273,723
1273,1818
1275,1238
1276,282
1276,576
1276,799
1276,1584
1276,2611
1277,835
1277,2467
1278,1874
1282,2269
1287,324
1287,1849
1288,1849
1289,352
1289,443
1289,866
1289,867
1289,1068
1289,1404
1289,1789
1289,2267
1289,2356
1290,338
1291,684
1291,2054
1291,2707
1292,274
1292,578
1292,579
1292,2206
1292,2207
1292,2208
1292,2549
1292,2665
1302,2412
1303,1898
1307,312
1307,1992
1315,256
1316,353
1316,501
1316,564
1316,1276
1316,1487
1316,1686
1316,1738
1316,2026
1316,2036
1316,2131
1316,2137
1316,2550
1316,2611
1317,562
1317,1316
1317,1487
1317,1686
1317,2108
1317,2148
1321,258
1322,258
1325,440
1325,1673
1326,1274
1328,1623
1329,355
1329,1658
1330,355
1330,1658
1330,2440
1331,263
1332,1100
1334,264
1335,789
1335,1003
1337,1356
1338,265
1339,930
1339,1112
1340,266
1340,495
1340,1419
1340,2022
1341,336
1342,506
1343,848
1351,272
1351,435
1352,306
1352,531
1352,538
1352,2106
1352,2688
1353,325
1361,1362
1364,899
1367,589
1367,671
1367,683
1367,694
1367,755
1367,1291
1367,1368
1367,1388
1367,1463
1367,2053
1367,2054
1367,2422
1367,2423
1367,2424
1367,2425
1367,2494
1367,2574
1367,2707
1368,645
1368,671
1368,724
1368,2494
1370,825
1370,853
1370,1068
1371,468
1371,499
1373,1431
1374,677
1374,1373
1374,1431
1375,276
1376,931
1376,2212
1384,1383
1384,1385
1384,2403
1385,880
1385,1383
1385,1384
1385,2051
1385,2403
1386,880
1386,1383
1386,1384
1386,1385
1386,2051
1391,400
1391,1465
1392,1465
1394,496
1395,463
1396,2681
1397,1707
1399,667
1399,669
1399,731
1399,866
1399,867
1399,1824
1399,1852
1399,2364
1399,2367
1399,2416
1401,278
1401,1863
1401,1924
1401,2322
1402,279
1403,792
1403,1121
1404,281
1407,1868
1410,437
1413,285
1413,891
1415,286
1415,2080
1416,287
1416,427
1416,2092
1416,2123
1417,287
1418,2380
1419,495
1419,2022
1422,376
1423,289
1424,75
1424,1268
1427,2141
1429,1369
1430,563
1432,58
1432,1845
1433,1655
1434,720
1434,758
1434,913
1435,296
1441,1154
1443,299
1444,299
1444,597
1445,300
1446,301
1447,303
1448,69
1448,349
1449,305
1450,305
1451,305
1451,748
1451,2585
1452,597
1452,1084
1453,306
1454,307
1454,370
1454,1455
1455,307
1456,795
1456,842
1457,350
1457,2337
1457,2405
1458,824
1459,913
1459,1552
1459,1659
1460,2594
1466,2493
1467,825
1467,2408
1474,1290
1474,2235
1475,314
1475,808
1486,1247
1487,1316
1488,316
1502,2199
1502,2574
1503,2199
1506,318
1514,319
1524,804
1524,805
1524,909
1524,1680
1525,909
1525,2659
1527,320
1539,1538
1545,643
1545,1181
1548,453
1548,590
1548,591
1548,1803
1548,1926
1548,2231
1548,2232
1548,2233
1548,2234
1548,2308
1550,446
1552,2402
1553,2402
1556,1557
1556,2541
1557,517
1557,837
1557,2541
1558,517
1558,837
1558,1557
1558,2541
1559,324
1559,1312
1560,1900
1561,2063
1562,1563
1564,467
1565,1312
1566,2317
1576,687
1576,1571
1576,1775
1576,2377
1577,797
1578,611
1578,1660
1578,1769
1578,2263
1579,1538
1579,2436
1580,633
1580,1472
1597,1750
1599,1124
1609,431
1614,743
1614,751
1616,809
1617,345
1625,347
1628,348
1644,441
1651,1203
1651,1378
1652,1889
1652,2706
1658,355
1659,356
1659,1552
1660,2263
1661,67
1668,2639
1668,2659
1669,2483
1671,362
1671,2380
1675,1469
1679,1964
1680,804
1680,1524
1682,1250
1687,1255
1695,374
1702,1705
1702,2539
1703,1705
1704,1705
1704,2539
1709,378
1716,2481
1718,385
1718,2484
1720,1589
1721,808
1722,1785
1723,754
1723,2247
1723,2639
1727,389
1728,390
1729,391
1730,559
1734,2368
1737,2147
1740,397
1742,1480
1745,401
1748,968
1753,52
1753,53
1754,648
1771,585
1773,1772
1773,2390
1774,712
1774,854
1776,411
1776,709
1777,412
1781,414
1782,2143
1784,415
1784,2352
1785,1722
1786,980
1795,869
1797,816
1803,1432
1806,429
1807,963
1811,1728
1817,709
1817,1907
1819,1901
1821,41
1821,647
1821,748
1821,2186
1827,963
1828,137
1829,665
1829,2353
1830,2338
1841,2290
1844,861
1844,2405
1848,1613
1850,1575
1851,1142
1853,444
1865,448
1866,449
1867,449
1868,449
1869,449
1869,2105
1886,2347
1887,535
1887,891
1902,534
1902,2130
1925,634
1925,832
1925,864
1926,634
1926,832
1926,864
1926,2049
1926,2300
1926,2301
1926,2304
1926,2307
1926,2308
1927,832
1927,1665
1927,2302
1940,464
1948,469
1948,2030
1948,2043
1948,2537
1954,471
1956,472
1961,474
1962,475
1962,1963
1962,1964
1963,1966
1964,475
1965,475
1966,476
1967,1956
1968,680
1968,2384
1969,481
1969,758
1970,2450
1971,871
1971,1970
1971,2324
1971,2447
1976,483
1977,1978
1978,1977
1986,2073
1994,2324
1994,2447
1996,2015
1996,2631
2001,2255
2002,1096
2003,2004
2003,2299
2004,2003
2005,612
2006,2003
2006,2004
2007,2006
2008,2006
2008,2007
2009,1096
2009,2002
2011,488
2011,2003
2011,2014
2012,489
2012,2011
2012,2014
2013,490
2013,622
2013,2014
2014,491
2015,1996
2016,492
2016,2163
2017,559
2017,1622
2019,1585
2019,2020
2020,1585
2021,494
2022,495
2026,564
2026,840
2028,2413
2029,561
2029,722
2029,749
2029,1162
2029,2554
2030,1948
2030,2043
2030,2537
2032,2128
2033,2045
2033,2549
2036,895
2036,2065
2036,2111
2036,2127
2036,2151
2036,2152
2036,2340
2036,2654
2037,652
2037,748
2039,566
2040,534
2040,2130
2041,856
2041,2127
2042,564
2042,1544
2042,2026
2043,502
2044,2045
2045,503
2046,505
2046,2082
2048,656
2049,506
2052,2055
2053,2055
2054,671
2054,1388
2054,2424
2054,2425
2054,2705
2055,2053
2056,2052
2056,2053
2058,509
2058,511
2058,851
2058,852
2058,2057
2058,2059
2060,509
2060,841
2060,2059
2061,529
2061,536
2063,2057
2063,2106
2063,2112
2063,2113
2064,2058
2065,529
2065,536
2065,1416
2065,2116
2065,2123
2066,510
2070,514
2070,587
2071,516
2072,516
2073,1986
2083,2084
2086,524
2086,2087
2087,524
2089,528
2090,528
2091,2092
2091,2093
2092,2093
2093,2092
2094,529
2094,536
2094,2101
2095,529
2095,536
2096,531
2097,535
2099,2107
2100,541
2100,2116
2100,2117
2102,2106
2103,2127
2104,2105
2106,739
2106,2105
2109,2601
2110,2601
2111,537
2112,2113
2113,2112
2117,541
2117,849
2118,849
2118,2117
2120,541
2121,564
2121,2322
2122,543
2124,545
2125,851
2125,852
2140,551
2140,552
2140,553
2146,556
2148,562
2151,2152
2151,2439
2152,2439
2154,565
2154,646
2155,858
2158,650
2158,1249
2162,569
2168,2403
2171,571
2172,572
2180,573
2194,575
2194,859
2194,2195
2194,2196
2195,575
2195,2196
2196,859
2198,1038
2198,2630
2199,2630
2201,2202
2203,580
2203,1224
2204,2205
2206,2207
2206,2665
2209,577
2210,2207
2211,585
2212,586
2213,1775
2213,2214
2217,2609
2218,1792
2220,2221
2221,2220
2222,588
2222,1612
2222,1793
2222,2217
2222,2218
2224,1793
2224,2225
2224,2609
2225,592
2231,2234
2232,2234
2233,590
2246,1444
2247,599
2247,600
2248,600
2248,2357
2248,2358
2249,601
2250,602
2250,616
2250,1149
2251,2286
2252,604
2252,614
2252,2272
2252,2273
2252,2277
2252,2294
2254,605
2254,2279
2256,2252
2257,606
2257,614
2257,623
2257,625
2257,629
2257,2254
2257,2265
2257,2266
2257,2285
2257,2291
2257,2294
2257,2296
2257,2297
2258,607
2258,2259
2259,607
2260,608
2261,609
2263,611
2264,614
2264,615
2264,624
2264,625
2264,628
2264,629
2264,960
2264,1149
2264,2257
2264,2265
2264,2266
2264,2272
2264,2278
2264,2281
2264,2292
2264,2294
2265,625
2265,628
2265,960
2265,1149
2265,2264
2265,2272
2266,2264
2268,861
2268,2267
2269,2271
2270,2269
2272,614
2274,2284
2275,2284
2276,615
2276,2281
2277,616
2277,2273
2278,616
2278,626
2278,2279
2278,2280
2280,626
2280,2279
2281,623
2281,624
2281,628
2281,2266
2281,2292
2283,620
2283,2284
2284,862
2285,623
2285,2296
2285,2297
2286,621
2287,621
2287,2286
2289,2284
2290,2292
2291,623
2291,2280
2292,960
2294,2406
2295,2406
2296,2297
2297,2296
2298,627
2300,634
2300,864
2300,2304
2303,632
2303,633
2303,676
2303,2304
2304,632
2304,2307
2305,864
2308,2049
2309,637
2309,2310
2310,636
2310,637
2310,2309
2310,2311
2311,636
2311,2309
2312,2021
2313,635
2314,638
2315,638
2315,939
2316,638
2320,641
2320,644
2321,642
2324,707
2324,1235
2325,700
2327,651
2328,653
2328,2329
2329,653
2329,2328
2330,657
2331,658
2332,34
2335,659
2337,445
2338,1830
2353,664
2354,666
2354,668
2354,670
2354,866
2354,867
2355,668
2356,2160
2357,668
2357,866
2357,867
2357,2160
2357,2358
2358,668
2358,670
2358,2160
2358,2357
2364,673
2365,673
2365,2364
2367,673
2379,679
2382,679
2382,2379
2383,2385
2384,2385
2385,2383
2387,2386
2390,1772
2391,1773
2391,2390
2398,1488
2400,686
2401,687
2402,1552
2413,2028
2413,2421
2423,694
2424,1388
2424,1463
2424,2422
2424,2425
2437,702
2438,703
2442,704
2444,1235
2445,873
2445,874
2445,1227
2445,2446
2445,2448
2446,1994
2446,2449
2447,872
2447,873
2447,1226
2447,1994
2447,2444
2465,876
2468,713
2468,2656
2469,710
2470,712
2471,2472
2475,719
2475,1130
2476,1718
2476,2484
2477,2664
2479,723
2479,758
2479,760
2484,1718
2494,724
2495,725
2496,737
2496,738
2496,2497
2496,2500
2496,2501
2496,2519
2497,2496
2497,2500
2497,2519
2500,2496
2500,2519
2501,2496
2503,726
2504,730
2506,727
2506,734
2506,735
2515,734
2515,735
2516,734
2516,735
2516,736
2517,734
2517,735
2517,736
2517,2515
2519,737
2527,741
2537,2031
2547,746
2548,1292
2549,1292
2552,2553
2560,750
2574,756
2576,1270
2576,2578
2576,2581
2577,1270
2577,2576
2577,2578
2577,2581
2578,1270
2578,2581
2579,757
2581,2579
2671,882
